delete from clients;

insert into clients (id, first_name, last_name, middle_name, client_id) values (1, 'Sky', 'Dayly', 'Scapens', '86afa4a6-cb65-55fb-8837-5cbb65a50590');
insert into clients (id, first_name, last_name, middle_name, client_id) values (2, 'Rachele', 'Dunnion', 'Trude', 'ebebccef-8f1e-fbe5-1bd2-0cf891fdfff6');
insert into clients (id, first_name, last_name, middle_name, client_id) values (3, 'Alair', 'Millmoe', 'Larrie', '32cafb6d-5a8d-e40a-a2dd-b44ad4fb276f');
insert into clients (id, first_name, last_name, middle_name, client_id) values (4, 'Florri', 'Mathy', 'Tiery', 'f403cdd7-fec5-2aca-baa7-1cf9e7acd880');
insert into clients (id, first_name, last_name, middle_name, client_id) values (5, 'Addison', 'Schaffel', 'Venturoli', '3cbbc809-0cfb-ccbb-eecd-15b131646c3e');
insert into clients (id, first_name, last_name, middle_name, client_id) values (6, 'Diego', 'Grabb', 'Mabbot', '2c3d334e-dbba-57c0-bcea-9c2bd7b523ef');
insert into clients (id, first_name, last_name, middle_name, client_id) values (7, 'Tricia', 'Palluschek', 'Peedell', '88aadbe6-ef61-f6ac-7f6f-fab9def98708');
insert into clients (id, first_name, last_name, middle_name, client_id) values (8, 'Janella', 'McGiffin', 'Moulsdall', '835e6ccc-7ffd-5aa9-c2ae-0caeb6aa1dbc');
insert into clients (id, first_name, last_name, middle_name, client_id) values (9, 'Micki', 'Nolli', 'Chazier', '95001074-a296-f96c-a3d6-716708fa465b');
insert into clients (id, first_name, last_name, middle_name, client_id) values (10, 'Micaela', 'Barck', 'Tennison', 'c6aa309b-0dda-bba5-46ac-3dd5a21fea4e');
insert into clients (id, first_name, last_name, middle_name, client_id) values (11, 'Thurstan', 'Jervois', 'Hamments', '4e69af2b-d59a-1aee-a28f-9efebeadd760');
insert into clients (id, first_name, last_name, middle_name, client_id) values (12, 'Alwin', 'Hodgin', 'Bendell', '88096bbf-becb-fab3-17fe-6bc5a44de5eb');
insert into clients (id, first_name, last_name, middle_name, client_id) values (13, 'Margy', 'Strewthers', 'Gilleon', 'c8bef8dd-aa9d-7aa4-ebb4-daf4881b0dbd');
insert into clients (id, first_name, last_name, middle_name, client_id) values (14, 'Sallyann', 'Shallcrass', 'Matyugin', '9ad88f48-97d5-32ac-e0dd-3eed8f8cf4cc');
insert into clients (id, first_name, last_name, middle_name, client_id) values (15, 'Lanie', 'Winkett', 'Heckney', 'b3e86a4f-907d-ea1b-dae7-eadbd6add5b2');
insert into clients (id, first_name, last_name, middle_name, client_id) values (16, 'Bobine', 'Godson', 'Aburrow', 'c55deb3e-b7da-bfdf-41a2-a6edbe1448dc');
insert into clients (id, first_name, last_name, middle_name, client_id) values (17, 'Indira', 'McFater', 'McGaw', 'c73ddf44-e2b2-b80f-bd1f-6fcf37164c5a');
insert into clients (id, first_name, last_name, middle_name, client_id) values (18, 'Marigold', 'Byway', 'Maggill''Andreis', '2f3ef663-7260-0f8d-4dcf-aaceb4dfbdf0');
insert into clients (id, first_name, last_name, middle_name, client_id) values (19, 'Taylor', 'Fransson', 'Haggarth', '83c2947c-ec81-7e66-807c-cb2ffc7faa8d');
insert into clients (id, first_name, last_name, middle_name, client_id) values (20, 'Lea', 'Bertolin', 'MacMillan', 'e2cd06d0-17cf-edfc-55f1-a2ee44a12cfd');

delete from accounts;

insert into accounts (id, client_id, account, status, balance) values (1, 1, 'CREDIT', 'OPEN', 9855.74);
insert into accounts (id, client_id, account, status, balance) values (2, 2, 'DEBIT', 'OPEN', 784.87);
insert into accounts (id, client_id, account, status, balance) values (3, 3, 'CREDIT', 'OPEN', 2930.56);
insert into accounts (id, client_id, account, status, balance) values (4, 4, 'CREDIT', 'OPEN', 1559.63);
insert into accounts (id, client_id, account, status, balance) values (5, 5, 'DEBIT', 'OPEN', 1095.61);
insert into accounts (id, client_id, account, status, balance) values (6, 6, 'CREDIT', 'OPEN', 938.25);
insert into accounts (id, client_id, account, status, balance) values (7, 7, 'DEBIT', 'OPEN', 9255.15);
insert into accounts (id, client_id, account, status, balance) values (8, 8, 'CREDIT', 'OPEN', 6969.88);
insert into accounts (id, client_id, account, status, balance) values (9, 9, 'DEBIT', 'OPEN', 6392.18);
insert into accounts (id, client_id, account, status, balance) values (10, 10, 'DEBIT', 'OPEN', 9257.82);
insert into accounts (id, client_id, account, status, balance) values (11, 11, 'CREDIT', 'OPEN', 5903.52);
insert into accounts (id, client_id, account, status, balance) values (12, 12, 'CREDIT', 'OPEN', 8664.83);
insert into accounts (id, client_id, account, status, balance) values (13, 13, 'CREDIT', 'OPEN', 2813.22);
insert into accounts (id, client_id, account, status, balance) values (14, 14, 'DEBIT', 'OPEN', 7270.35);
insert into accounts (id, client_id, account, status, balance) values (15, 15, 'CREDIT', 'OPEN', 872.69);
insert into accounts (id, client_id, account, status, balance) values (16, 16, 'DEBIT', 'OPEN', 7375.12);
insert into accounts (id, client_id, account, status, balance) values (17, 17, 'CREDIT', 'OPEN', 6269.47);
insert into accounts (id, client_id, account, status, balance) values (18, 18, 'CREDIT', 'OPEN', 1790.55);
insert into accounts (id, client_id, account, status, balance) values (19, 19, 'CREDIT', 'OPEN', 4235.65);
insert into accounts (id, client_id, account, status, balance) values (20, 20, 'CREDIT', 'OPEN', 9778.48);

delete from transactions;

insert into transactions (id, account_id, amount, created_at, status) values (1, 1, 2178, '2024-12-09T00:00:00', 'REQUESTED');
insert into transactions (id, account_id, amount, created_at, status) values (2, 2, 5009, '2025-01-31T00:00:00', 'REQUESTED');
insert into transactions (id, account_id, amount, created_at, status) values (3, 3, 4315, '2025-01-15T00:00:00', 'REQUESTED');
insert into transactions (id, account_id, amount, created_at, status) values (4, 4, 9323, '2024-11-01T00:00:00', 'REQUESTED');
insert into transactions (id, account_id, amount, created_at, status) values (5, 5, 6761, '2025-05-23T00:00:00', 'REQUESTED');
insert into transactions (id, account_id, amount, created_at, status) values (6, 6, 5187, '2024-11-18T00:00:00', 'REQUESTED');
insert into transactions (id, account_id, amount, created_at, status) values (7, 7, 8008, '2024-10-20T00:00:00', 'REQUESTED');
insert into transactions (id, account_id, amount, created_at, status) values (8, 8, 8914, '2025-04-11T00:00:00', 'REQUESTED');
insert into transactions (id, account_id, amount, created_at, status) values (9, 9, 977, '2025-03-21T00:00:00', 'REQUESTED');
insert into transactions (id, account_id, amount, created_at, status) values (10, 10, 6443, '2024-12-09T00:00:00', 'REQUESTED');
insert into transactions (id, account_id, amount, created_at, status) values (11, 11, 2452, '2025-01-22T00:00:00', 'REQUESTED');
insert into transactions (id, account_id, amount, created_at, status) values (12, 12, 3569, '2024-10-18T00:00:00', 'REQUESTED');
insert into transactions (id, account_id, amount, created_at, status) values (13, 13, 2528, '2025-04-07T00:00:00', 'REQUESTED');
insert into transactions (id, account_id, amount, created_at, status) values (14, 14, 7859, '2025-05-23T00:00:00', 'REQUESTED');
insert into transactions (id, account_id, amount, created_at, status) values (15, 15, 3753, '2024-09-29T00:00:00', 'REQUESTED');
insert into transactions (id, account_id, amount, created_at, status) values (16, 16, 7105, '2025-01-26T00:00:00', 'REQUESTED');
insert into transactions (id, account_id, amount, created_at, status) values (17, 17, 4679, '2025-03-21T00:00:00', 'REQUESTED');
insert into transactions (id, account_id, amount, created_at, status) values (18, 18, 5054, '2024-08-05T00:00:00', 'REQUESTED');
insert into transactions (id, account_id, amount, created_at, status) values (19, 19, 437, '2024-08-07T00:00:00', 'REQUESTED');
insert into transactions (id, account_id, amount, created_at, status) values (20, 20, 5413, '2024-11-11T00:00:00', 'REQUESTED');